{
  "logistic_regression": {
    "accuracy": 0.92588,
    "precision": 0.9249765426923,
    "recall": 0.9269009942585072,
    "f1": 0.9259377685405383,
    "roc_auc": 0.9771083550525248
  },
  "linear_svm": {
    "accuracy": 0.92723,
    "precision": 0.9256358128039543,
    "recall": 0.9290615560045612,
    "f1": 0.9273455206222107
  },
  "complement_nb": {
    "accuracy": 0.8936,
    "precision": 0.8957893254471201,
    "recall": 0.8907716006161602,
    "f1": 0.8932734166549642,
    "roc_auc": 0.9591760144402985
  }
}