{
  "battery life": {
    "p@1": 1.0,
    "p@3": 1.0,
    "p@5": 1.0,
    "p@10": 1.0
  },
  "screen quality": {
    "p@1": 0.0,
    "p@3": 0.3333333333333333,
    "p@5": 0.4,
    "p@10": 0.2
  },
  "camera performance": {
    "p@1": 1.0,
    "p@3": 0.6666666666666666,
    "p@5": 0.4,
    "p@10": 0.2
  },
  "sound quality": {
    "p@1": 1.0,
    "p@3": 1.0,
    "p@5": 1.0,
    "p@10": 1.0
  },
  "build quality": {
    "p@1": 1.0,
    "p@3": 1.0,
    "p@5": 1.0,
    "p@10": 1.0
  },
  "customer service": {
    "p@1": 1.0,
    "p@3": 1.0,
    "p@5": 1.0,
    "p@10": 1.0
  },
  "shipping issues": {
    "p@1": 1.0,
    "p@3": 0.3333333333333333,
    "p@5": 0.2,
    "p@10": 0.1
  },
  "durability": {
    "p@1": 1.0,
    "p@3": 1.0,
    "p@5": 1.0,
    "p@10": 1.0
  },
  "value for money": {
    "p@1": 1.0,
    "p@3": 1.0,
    "p@5": 1.0,
    "p@10": 1.0
  },
  "comfort and fit": {
    "p@1": 0.0,
    "p@3": 0.0,
    "p@5": 0.2,
    "p@10": 0.2
  },
  "_macro_avg": {
    "p@1": 0.8,
    "p@3": 0.7333333333333333,
    "p@5": 0.72,
    "p@10": 0.67
  }
}