{
  "validation_scores": {
    "0.5": {
      "accuracy": 0.9322333333333334,
      "precision": 0.9340025774944041,
      "recall": 0.9285232636547539,
      "f1": 0.931254860852805
    },
    "1.0": {
      "accuracy": 0.9293,
      "precision": 0.931779574641571,
      "recall": 0.9246797033041133,
      "f1": 0.9282160625444208
    },
    "2.0": {
      "accuracy": 0.9249333333333334,
      "precision": 0.9267779587404995,
      "recall": 0.9209035738368173,
      "f1": 0.923831427991612
    }
  },
  "best_C": 0.5,
  "raw_test_metrics": {
    "accuracy": 0.93023,
    "precision": 0.9284376618719369,
    "recall": 0.9322823934222898,
    "f1": 0.9303560555394735
  },
  "calibrated_test_metrics": {
    "accuracy": 0.93008,
    "precision": 0.9271733730750125,
    "recall": 0.9334426951007262,
    "f1": 0.9302974718877104,
    "roc_auc": 0.9795730226191364
  },
  "curves": {
    "pr_auc": 0.9781495447975451,
    "roc_auc": 0.9795730226191364
  }
}